{"cameraMode":{"drawMode":0,"name":"Shaded","section":"Shading Mode"},"sceneLighting":false,"audioPlay":false,"sceneViewState":{"m_AlwaysRefresh":false,"showFog":true,"showSkybox":false,"showFlares":true,"showImageEffects":true,"showParticleSystems":true,"showVisualEffectGraphs":true,"m_FxEnabled":true},"in2DMode":false,"pivot":{"x":0.011631611734628678,"y":-0.10600221902132034,"z":0.12749651074409486},"rotation":{"x":-0.28489890694618227,"y":-0.12123217433691025,"z":0.03635010868310928,"w":-0.950171947479248},"size":0.25728774070739748,"orthographic":false}