{"cameraMode":{"drawMode":0,"name":"Shaded","section":"Shading Mode"},"sceneLighting":false,"audioPlay":false,"sceneViewState":{"m_AlwaysRefresh":false,"showFog":true,"showSkybox":false,"showFlares":true,"showImageEffects":true,"showParticleSystems":true,"showVisualEffectGraphs":true,"m_FxEnabled":true},"in2DMode":false,"pivot":{"x":-0.012431636452674866,"y":-0.10640222579240799,"z":0.12779656052589417},"rotation":{"x":0.31855571269989016,"y":0.024465052410960199,"z":-0.008227460086345673,"w":0.9475782513618469},"size":0.25719279050827029,"orthographic":false}