{"cameraMode":{"drawMode":0,"name":"Shaded","section":"Shading Mode"},"sceneLighting":true,"audioPlay":false,"sceneViewState":{"m_AlwaysRefresh":false,"showFog":true,"showSkybox":true,"showFlares":true,"showImageEffects":true,"showParticleSystems":true,"showVisualEffectGraphs":true,"m_FxEnabled":true},"in2DMode":false,"pivot":{"x":-0.01885402761399746,"y":-0.2699061632156372,"z":-0.03071405738592148},"rotation":{"x":-0.013299627229571343,"y":-0.748830258846283,"z":0.6627639532089233,"w":-0.015106930397450924},"size":0.4459816515445709,"orthographic":false}